code	ingredients_text
27083	pasteurized free range egg
27083	sugar
27083	blueberries 
27083	rapeseed oil
27083	potato starch
27083	water
27083	cornflour
27083	thickener
27083	palm oil
27083	dried whey 
27083	milk
27083	raising agent
27083	 sodium bicarbonate
27083	 emulsifier
27083	flavoring
27083	dried glucose syrup
27083	dried skimmed milk
27083	stabiliser
27083	 xanthan gum
27083	salt
50913	milk chocolate 
50913	sugar
50913	 cocoa butter
50913	 dried whole milk
50913	 cocoa mass
50913	 dried whey 
50913	milk
50913	 dried skimmed milk
50913	 emulsifier: soya lecithin
50913	 dark chocolate 
50913	sugar
50913	 cocoa mass
50913	 cocoa butter
50913	 butter oil 
50913	milk
50913	 emulsifier: soya lecithin
50913	 vanilla flavouring
50913	 wheatflour contains gluten 
50913	with wheatflour
50913	 calcium carbonate
50913	 iron
50913	 niacin
50913	 thiamin
50913	 white chocolate 
50913	sugar
50913	 cocoa butter
50913	 dried skimmed milk
50913	 butter oil 
50913	milk
50913	 dried whole milk
50913	 emulsifier: soya lecithin
50913	 vanilla flavouring
50913	 sugar
50913	 palm oil
50913	 butter 
50913	milk
50913	 palm kernel oil
50913	 palm fat
50913	 cocoa powder
50913	 partially inverted sugar syrup
50913	 glucose syrup
50913	 cornflour
50913	 dried skimmed milk
50913	 dried whole milk
50913	 oatmeal 
50913	contains gluten
50913	 salt
50913	 ginger
50913	 raising agent: sodium bicarbonate
50913	 dextrose
50913	 cocoa mass
50913	 emulsifier: soya lecithin
50913	 ground ginger
50913	 pasteurised free range egg
50913	 flavourings
50913	 orange peel
50913	 molasses
50913	 lemon peel
50913	 colour: carotenes
50913	 acidity regulator: citric acid
56434	carbonated  water
56434	 acid: citric acid
56434	 flavourings
56434	 acidity regular: trisodium citrate
56434	 sweetener: sucralose
56434	 preservative: potassium sorbate
290616	INGREDIENTS : LAITUE
290616	 VINAIGRETTE 
290616	HUILE DE CANOLA
290616	 EAU
290616	 AIL
290616	 JAUNE D'OEUF CONGELE
290616	 FROMAGE PARMESAN
290616	 JUS DE CITRON CONCENTRE
290616	 SEL
290616	 PATE D'ANCHOIS
290616	 ASSAISONNEMENTS
290616	 GOMME XANTHANE
290616	 FROMAGE PARMESAN
290616	 CROUTONS 
290616	FARINE
290616	 FARINE DE BLE ENTIER
290616	 HUILE DE PALME
290616	 EAU
290616	 GLUCOSE—FRUCTOSE
290616	 FARINE DE SEIGLE
290616	 SEL
290616	 GLUTEN DE BLE
290616	 CARAMEL
290616	 MELASSE OUALITE FANTAISIE
290616	 POUDRE DE LACTOSERUM
290616	 MALTODEXTRINE
290616	 CARVI
290616	 LEVURE
290616	 VINAIGRE
290616	 SUCRE
290616	 POUDRE D'AIL
290616	 LEVAIN DE SEIGLE
290616	  PERSIL
290616	 ACIDE ASCORBIQUE
290616	 PHOSPHATE MONOCALCIQUE
290616	 SULFATE D'AMMONIUM
290616	 SULFATE DE CALCIUM
290616	 CITRON
394710	Ingrédients: Pâte 
394710	farine
394710	 eau
394710	 beurre
394710	 sucre
394710	 cassonade
394710	 levure
394710	 lactosérum en poudre
394710	 oeufs entiers liquides
394710	 sel
394710	 farine de gluten
394710	 huile de Soya
394710	 esters tartriques des mono et disglycérides acetyles
394710	 carbonate de calcium
394710	 acide ascorbique
394710	 amylase
394710	 arôme artificiel
394710	 GARNITURE : 
394710	sucre
394710	 substances laitières modifiées
394710	 farine
394710	 épices
394710	 farine de Pomme de terre modifiée
394710	 amidon de maïs modifié
394710	 huile végétale
394710	 poudre d'œuf
394710	 cacao
394710	 poudre à pâte
394710	 sel
394710	  dextrose
394710	 arginate de sodium
394710	 sorbate de calcium
394710	 sorbitol
394710	 sirop de maïs
394710	 sel
394710	 pectine
394710	 sorbate de potassium
394710	 gomme de caroube
394710	 chlorure decalcium
394710	 mono et diglycérides
394710	 acide citrique
394710	 agar
394710	 colorant
673358	sugar
673358	 glucose syrup
673358	 modified potato starch
673358	 glucose-fructose syrup
673358	 acid: malic acid
673358	 citric acid
673358	 lactic acid
673358	 flavourings
673358	 acidity regulator: calcium carbonate - fruit
673358	 vegetable and plant concentrates 
673358	safflower
673358	 apple
673358	 lemon
673358	 pumpkin
673358	 carrot
673358	 red grape
673358	 blackcurrant
673358	 elderberry juice from concentrate
673358	 invert sugar syrup
673358	 spirulina concentrate
1798180	cinnamon
1938067	Ingrédients : Pâte 
1938067	farine
1938067	 margarines d'huile de palme et de canola
1938067	 eau
1938067	 sucre
1938067	 sel
1938067	 L-cystéine
1938067	 essences
1938067	 Garniture: 
1938067	Pommes
1938067	 eau
1938067	 sucre
1938067	 glucose-fructose
1938067	 amidon de maïs modifié
1938067	 acide citrique
1938067	 cannelle
1938067	 sel
1938067	 chlorure de calcium
1938067	 benzoate de sodium
1938067	 sorbate de potassium
1938067	 sulfites
1938067	 sucre
4302544	Ingrédients : Farine
4302544	 eau
4302544	 sel
4302544	 levure
4302544	 orge malté
5200016	lentilles vertes
7020254	Eau gazéifiée
7020254	 sirop de maïs à haute teneur en fructose
7020254	 colorant : caramel
7020254	 conservateur : E211
7020254	 arômes naturels et artificiels
7020254	 moussant : E999
7730009	Sucre
7730009	 farine de _Blé_
7730009	 graisse et huiles végétales 
7730009	karité
7730009	 colza et tournesol
7730009	 cacao maigre en poudre 7%
7730009	 sirop de glucose
7730009	 dextrine
7730009	 _Beurre_ concentré
7730009	 _Oeufs_
7730009	 pâte de _Noisette_
7730009	 pâte de cacao
7730009	 émulsifiants : lécithines 
7730009	colza et tournesol
7730009	 sel
7730009	 poudre à lever : carbonates d'ammonium
7730009	 arômes
8237798	INGRÉDIENTS : GARNITURE 
8237798	SUBSTANCES LAITIÈRES
8237798	 JAMBON 
8237798	PORC
8237798	 BOUILLON DE LEGUMES
8237798	 SEL
8237798	 SUCRE
8237798	 DEXTROSE
8237798	 NITRITE DE SODIUM
8237798	 LACTATE DE SODIUM
8237798	 ERYTHORBATE DE SODIUM
8237798	 DIÂCETATE DE SODIUMI
8237798	 OEUF LIQUIDE ENTIER
8237798	 FROMAGES CHEDUAR ET SUISSE 
8237798	SUBSTANCES LAITIERES MODIFIEES
8237798	 SEL
8237798	 CULTURE BACTERIENNE
8237798	 ENZYME MICROBIEN
8237798	 CHLORURE DE CALCIUM
8237798	 NATAMYCINE
8237798	 CELLULOSE
8237798	 OIGNON
8237798	 AMIDON DE MAIS MODIFIE
8237798	 EPICES
8237798	 SEL
8237798	 CITRATE DE SODIUM
8237798	 PHOSPHATE DE SODIUM
8237798	 CARRAGHENINE
8237798	 GOMME DE CAROUBE
8237798	 CROUTE 
8237798	FARINE
8237798	 SHORTENING D'HUILE DE PALME ET DE CANOLA
8237798	 EAU
8237798	 DEXTROSE
8237798	 SEL
8237798	 LEVURE
8237798	 HUILE VEGETALE
8237798	 L-CYSTEINE
8237798	 PROPIONATE DE SODIUM
8237798	 FROMAGES CHEDDAR ET MONTEREY 
8237798	SUBSTANCES LAITIERES MODIFIEES
8237798	 CULTURE BACTERIENNE
8237798	 SEL
8237798	 ENZYME MICROBIEN
8237798	 CHLORURE DE CALCIUM
8237798	 CELLULOSE
8237798	 COLORANT
8237798	 NATAMYCINE
8237798	 PERSIL SECHE
8237798	 CONTIENT 2 OEUF
8237798	 BLE
8237798	 LAIT
8237798	  PEUT CONTENIRZ POISSON
8237798	 MOLLUSQUES
8237798	 CRUSTACES
8237798	 NOIX  VARIEES
8237798	 SESAME
8237798	 MOUTARDE
8237798	 SOYA
8237798	 SULFITES
10090206	Thé noir de Chine
10090206	 zestes d'oranges 7
10090206	 arômes naturels 
10090206	cannelle 4
10090206	 orange 4
10090206	 poudre de cannelle 3
10127735	Sirop saveur pistache 5 cl : sirop 99
10127735	sucre cristallisé
10127735	 eau
10127735	 arôme
10127735	 acidifiant : acide citrique E330
10127735	 denrée alimentaire colorante 
10127735	concentrés de carthame
10127735	 pomme
10127735	 colorant : mélange d'additifs : E171
10127735	 Sirop saveur framboise 5 cl : sirop 93
10127735	sucre
10127735	 eau
10127735	 denrée alimentaire colorante 
10127735	concentrés de patate douce
10127735	 cerise
10127735	 pomme
10127735	 radis
10127735	 carthame
10127735	 arôme naturel
10127735	 acidifiant : acide citrique E330
10127735	 colorant : mélange d'additifs : E171
10127735	 Sirop saveur citron 5 cl : sirop 98
10127735	sucre cristallisé
10127735	 eau
10127735	 arôme naturel
10127735	 acidifiant : acide citrique E330
10127735	 denrée alimentaire colorante 
10127735	concentré de pomme
10127735	 carthame
10127735	 colorant : mélange d'additifs : E171
10127735	 Sirop saveur violette 4 cl : sirop 88
10127735	sucre
10127735	 eau
10127735	 arôme
10127735	 acidifiant : acide citrique E330
10127735	 denrée alimentaire colorante 
10127735	concentré de cassis
10127735	 carotte
10127735	 pomme
10127735	 colorant : mélange d'additifs : E131
20004552	Vin rouge
20004552	 sec
20004552	 Contient des _sulfites_
20424640	Zucker
20424640	 Kakaomasse
20424640	 Kakaobutter
20424640	 _Vollmilchpulver_
20424640	 Palmöl
20424640	 Karamellzubereitung 
20424640	Glukosesirup
20424640	 Palmöl
20424640	 Zucker
20424640	 _Vollmilchpulver_
20424640	 Wasser
20424640	 Emulgator: Lecithine 
20424640	_Soja_
20424640	 Aroma
20424640	 Speisesalz
20424640	 Glukose-Fruktose-Sirup
20424640	 _Butterreinfett_
20424640	 Marzipan 
20424640	Zucker
20424640	 _Mandeln
20424640	 Dextrose
20424640	 Feuchthaltemittel: Glycerin
20424640	 Sorbit
20424640	 Dextrose
20424640	 _Haselnusskerne_
20424640	 stark entöltes Kakaopulver
20424640	 Emulgator: Lecithine 
20424640	_Soja_
20424640	 Glukosesirup
20424640	 _Mandeln_
20424640	 _Pisatazien_
20424640	 Aroma
20424640	 _Magermilchpulver_
20424640	 Kaffee
27533024	Demerara Sugar
27533024	 Sultanas 
27533024	 Raisins 
27533024	 Bread Rusk 
27533024	Fortified Wheat Flour 
27533024	_Wheat Flour_
27533024	 Calcium Carbonate
27533024	 Iron
27533024	 Niacin 
27533024	 Thiamin 
27533024	 Salt
27533024	 Yeast
27533024	 Cider
27533024	 Currants 
27533024	 Sherry 
27533024	 Palm Oil
27533024	 Cognac 
27533024	 Glacé Cherries 
27533024	Cherries
27533024	 Glucose-Fructose Syrup
27533024	 Colour 
27533024	Anthocyanins
27533024	 Acidity Regulator 
27533024	Citric Acid
27533024	 Single Cream 
27533024	from _Milk_
27533024	 _Walnuts_ 
27533024	 _Almonds_ 
27533024	_Nut_
27533024	 Fortified Wheat Flour 
27533024	_Wheat Flour_
27533024	 Calcium Carbonate
27533024	 Iron
27533024	 Niacin 
27533024	 Thramin 
27533024	 Brandy 
27533024	 Rum 
27533024	 Treacle
27533024	 Candied Citrus Peel 
27533024	Glucose Syrup
27533024	 Orange Peel
27533024	 Sugar
27533024	 Lemon Peel
27533024	 Acidity Regulator 
27533024	Citric Acid
27533024	 _Barley_ Malt Extract
27533024	 Mixed Spice 
27533024	Coriander
27533024	 Cinnamon
27533024	 Cloves
27533024	 Fennel
27533024	 Ginger
27533024	 Nutmeg
27533024	 Cardamom
27533024	 Salt
27533024	 Lemon Oil
27533024	 Orange Oil
40608754	Eau gazéifiée
40608754	 sucre
40608754	 colorant caramel E150d
40608754	 acidifiant : acide phosphorique
40608754	 arômes 
40608754	dont : extraits naturels de végétaux
40608754	 caféine
50985098	sugar
50985098	 glucose syrup
50985098	 flavourings
50985098	 acids 
50985098	lactic
50985098	 citric
50985098	 acidity regulators 
54491472	carbonated water
54491472	 sugar
54491472	 colour 
54491472	caramel e150d
54491472	 phosphoric acid
54491472	 natural flavourings including caffeine
54491496	carbonated water
54491496	 caramel e150d
54491496	 aspartame acesulfame k
54491496	 natural flavoiring including caffeine
54491496	 phosphoric acid
54491496	 citric acid
75001629	malted barley
75001629	 water
75001629	 hops
75001629	 yeast
80007838	acqua
80135876	nuts
80135876	 cocoa
80135876	 milk powder
84154071	Agua
84154071	 vinagre
84154071	 _mostaza_
84154071	 azúcares
84154071	 sal
84154071	 especias y extracto de especias
87177756	Eau gazéifiée
87177756	 sucre
87177756	 acidifiants 
87177756	acide citrique
87177756	 acide malique
87177756	 arômes 
87177756	extraits naturels de citron et de citron vert
87177756	 correcteur d'acidité 
87177756	citrate de sodium
93718738	water
93718738	 horseradish
93718738	 mustard seed
93718738	 sugar
93718738	 vegetable oil
93718738	 salt
93718738	 food acid
93718738	 whey protein
93718738	 butter
93718738	 modified corn starch
93718738	 xanthan gum
93718738	 sodium metabisulphite
93718738	 color 
93718738	paprika oleoresin
204286484	Proteinmischung 
204286484	_Sojaprotein_
204286484	 _Weizenprotein_
204286484	 _Molkenprotein_
204286484	 _Wheyprotein_
204286484	 _Milchprotein_
204286484	 _Hühnereiweiss_
204286484	 Kakaopulver 
204286484	nur Sorte Schoko
204286484	 Aroma
204286484	 Pflanzenöl
204286484	 Süßungsmittel Natriumsaccharin und Acesulfam-K
2929	Flat leaf parsley
30	Farine de _blé_
30	 _œufs_ frais
30	 huile de colza
30	 sucre
30	 raisins secs 13% 
30	raisins
30	 huile de colza
30	 dextrose
30	 sirop de glucose-fructose
30	 stabilisant : glycérol
30	_blé_
30	 sel
30	 _lait_ écrémé en poudre
30	 émulsifiants : mono et diglycérides d’acides gras
30	 arôme naturel d'orange
31	Fruits 37
31	fruits confits 21
31	fruits 
31	pastèque
31	 bigarreaux
31	 écorce d’orange
31	 sirop de glucose-fructose
31	 sucre
31	 colorants : caramel ordinaire - E120
31	 correcteur d’acidité : acide citrique
31	
31	 raisins secs au rhum 15
31	 farine de blé
31	 huile de colza
31	 œufs frais
31	 sucre
31	 sirop de glucose-fructose
31	 stabilisant : glycérol
31	blé
31	 sel
31	 émulsifiants : mono et diglycérides d’acides gras
31	 lait écrémé en poudre
31	 arôme naturel d’orange
3100	Viandes de porc 
3100	 eau
3100	 acidifiant 
3100	 sel
3100	 dextrose
3100	 acidifiant 
3100	 exhausteur de goût 
3100	 antioxygène 
3100	 colorants 
3100	 arômes
460938714	100% Soja-Protein-Isolat 
460938714	_Soja_
460938714	 Aroma
460938714	 Süßstoff Natrium-Saccharin
470322800	Molkenproteinkonzentrat 99%
470322800	_Wheyproteinkonzentrat_
470322800	nur Schoko Kakaopulver entölt
470322800	 Aroma
470322800	 Pflanzenöl aus Raps
470322800	 Süßungsmittel Acesulfam-K und Sucralose
50	Sucre
50	 blanc d’_œufs_ frais
50	 poudre d’_amande_ 16
50	 _beurre_ pâtissier
50	 farine de _blé_
50	 _œufs_ frais
50	 sirop de glucose-fructose
50	 stabilisant : glycérol
50	 sel
50	_blé_
51	Sucre
51	 blanc d’_œufs_ frais
51	 poudre d’_amande_ 16
51	 _beurre_ pâtissier
51	 farine de _blé_
51	 pépites au citron 7% 
51	sucre
51	 pomme
51	 pulpe de citron 18
51	 dextrose
51	 fibres d’ananas
51	 gélifiant : alginate de sodium
51	 stabilisant : phosphates de calcium
51	 arôme naturel de citron
51	 colorant : curcumine
51	 _œufs_ frais
51	 sirop de glucose-fructose
51	 stabilisant : glycérol
51	 poudre de citron 0
51	équivalent à 5% de jus de citron
51	jus concentré de citron
51	 maltodextrine
51	 sel
51	_blé_
51	 arôme naturel de citron
526938306	Molkenproteinkonzentrat 99%
526938306	_Wheyproteinkonzentrat_
526938306	nur Schoko Kakaopulver entölt
526938306	 Aroma
526938306	 Pflanzenöl aus Raps
526938306	 Süßungsmittel Acesulfam-K und Sucralose
790310013	sugar
790310013	 corn syrup
790310013	 white grape juice from concentrate
790310013	 gelatin
790310013	 citric acid
790310013	 tartaric acid
790310013	 fumaric acid
790310013	 sorbitol
790310013	 natural & artificial flavours
790310013	 silicon dioxide 
790310013	anticaking agent
790310013	 artificial colours 
790310013	fd&c red 40
790310013	 yellow 6
790310013	 blue 1
790310013	 yellow 5
790310020	sugar
790310020	 corn syrup
790310020	 modified corn starch
790310020	 citrict acid
790310020	 sodium citrate
790310020	 natural and artificial flavours
790310020	 mineral oil
790310020	 carnauba wax
790310020	 red 40
790310020	 yellow 6
790310020	 yellow 5
790310020	 blue 1
104	Pâtisseries fourrées à la pulpe de pêche : farine de blé
104	 fourrage pêche 20% 
104	sirop de glucose-fructose
104	 purée de pêche 50%*
104	 sucre
104	 gélifiant : pectines
104	 arômes
104	 conservateur : sorbate de potassium
104	 huile de colza
104	 œufs frais
104	 sucre
104	 sirop de glucose-fructose
104	 stabilisant : glycérol
104	blé
104	 sel
104	 lait écrémé en poudre
104	 émulsifiants : mono et diglycérides d’acides gras
104	 arôme
104	 Pâtisseries fourrées à la pulpe d'abricot : farine de blé
104	sirop de glucose-fructose
104	 sucre
104	 gélifiant : pectines
104	 arômes
104	 conservateur : sorbate de potassium
104	 huile de colza
104	 œufs frais
104	 sucre
104	 sirop de glucose-fructose
104	 stabilisant : glycérol
104	blé
104	 sel
104	 lait écrémé en poudre
104	 émulsifiants : mono et diglycérides d’acides gras
104	 arôme
104	 Pâtisseries fourrées à la pulpe de fruits rouges : farine de blé
104	 fourrage fruits rouges 20% 
104	sirop de glucose-fructose
104	 purée de fraise 17
104	 sucre
104	 gélifiant : pectines
104	 correcteurs d’acidité : acide citrique - citrates de sodium
104	 arôme
104	 conservateur : sorbate de potassium
104	 huile de colza
104	 œufs frais
104	 sucre
104	 sirop de glucose-fructose
104	 stabilisant : glycérol
104	blé
104	 sel
104	 lait écrémé en poudre
104	 émulsifiants : mono et diglycérides d’acides gras
104	 arôme
11501	Sugar
11501	 Dextrose
11501	 Glucose
11501	 Peppermint Flavouring
11501	 Gelling Agent: Beef Gelatine
11501	 Menthol
11679	Wheatflour contains Gluten 
11679	With Wheatflour
11679	 Calcium Carbonate
11679	 Iron
11679	 Niacin
11679	 Thiamin
11679	 • Dark Chocolate Chunks 
11679	 • Sugar • Butter 
11679	Milk
11679	 • Milk Chocolate Chunks 
11679	 Sodium Bicarbonate
11686	Farine de _blé_ contient _Gluten_ 
11686	avec Farine de _blé_
11686	 Carbonate de calcium
11686	 Fer
11686	 Niacine
11686	 Thiamine
11686	 - Sucre - Beurre 
11686	_Lait_
11686	 - Raisins de Smyrne 
11686	 - Sirop de glucose - _Lait_ en poudre écrémé - Poudre à lever: E450
11686	 Bicarbonate de soude
11693	Morceaux de chocolat blanc 
11693	Sucre - _Lait_ en poudre entier -Beurre de cacao - _Lait_ en poudre écrémé émulsifiant : lécithine de _soja_
11693	 arôme vanille
11693	 - Farine de _blé_ 
11693	avec Farine de _blé_
11693	 Carbonate de calcium
11693	 Fer
11693	 Niacine
11693	 Thiamine
11693	 - _Beurre_ 
11693	 bicarbonate de soude
11709	Sucre • Beurre 
11709	_Lait_
11709	 • flocons d'_avoine_ 
11709	contient du _gluten_
11709	 • Farine de _blé_
11709	contient du _gluten_
11709	avec du _blé_
11709	 du carbonate de calcium
11709	 du fer
11709	 de la niacine
11709	 de la thiamine
11709	 • Raisins secs 
11709	 • Noix de coco desséchée 
11709	 • Abricots séchés 
11709	_Sulfites_
11709	 • Golden syrup 
11709	sirop de sucre inverti
11709	 • _œufs_ pasteurisés • Agent de levage: Bicarbonate de sodium
11709	 sel
11709	 Mélasse
11730	Farine de _blé_ contient _Gluten_ 
11730	avec Farine de _blé_
11730	 Carbonate de
11730	 calcium
11730	 Fer
11730	 Niacine
11730	 Thiamine
11730	 - Canneberges déshydratées sucrées 
11730	Sucre - canneberges - Antioxydant : Acide citrique - Huile de tournesol
11730	 - Sucre - Beurre 
11730	_Lait_
11730	 Sirop de glucose - Fécule de maïs - _Lait_ en poudre  - Poudre à lever: E450
11730	 Bicarbonate de soude
11754	Farine de _blé_ contient _Gluten_ 
11754	avec Farine de _blé_
11754	 Carbonate de calcium
11754	 Fer
11754	 Niacine
11754	 Thiamine
11754	 -  Beurre 
11754	_Lait_
11754	 - Gingembre confit cristallisé 
11754	Gingembre conﬁt
11754	 Sucre
11754	 - Sucre - Flocons d'_avoine_ 
11754	contiennent _Gluten_
11754	 - Sirop de sucre inverti - Gingembre moulu - Poudre à lever: E503
11754	 Bicarbonate de soude
11778	Farine de _blé_ contient _Gluten_ 
11778	avec farine de _blé_
11778	 Carbonate de calcium
11778	 Fer
11778	 Niacine
11778	 Thiamine
11778	 Sucre
11778	 Gingembre conﬁt cristallisé 
11778	Gingembre
11778	 Sucre de Canne
11778	 Beurre 
11778	_Lait_
11778	 Flocons d'_avoine_ 
11778	contient _Gluten_
11778	 _Avoine_ grossièrement moulue 
11778	contient _Gluten_
11778	 Fécule de maïs
11778	 _Lait_ en poudre écrémé
11778	 Émulsifiant: Lécithine de _soja_ 
11778	 Bicarbonate de soude
11778	 Sirop de sucre inverti
11778	 Gingembre moulu
11778	 Sel
11815	Farine de _blé_ contient _gluten_ 
11815	avec farine de _blé_
11815	 carbonate de calcium
11815	 fer
11815	 niacine
11815	 thiamine
11815	 beurre 
11815	_lait_
11815	 gingembre confit cristallisé 
11815	gingembre confit
11815	 sucre
11815	 sucre
11815	 flocons d'_avoine_ 
11815	contiennent _gluten_
11815	 sirop de sucre inverti
11815	 gingembre moulu
11815	 poudre à lever : E503
11815	 bicarbonate de soude
11815	 _lait_ en poudre écrémé
11815	 sel
12444	_Lait_ écrémé
12444	 sucre
12444	 _crème_
12444	 sirop de glucose
12444	 poudre de _lactosérum_ sucré
12444	 _lait_ écrémé en poudre
12444	 stabilisants 
12444	 émulsifiant 
12444	 arôme de vanille
13029	_Cheddar_ 
13029	 eau
13029	 _fromage_ 
13029	 _lait_ écrémé en poudre
13029	 _beurre_
13029	 sels de fonte 
13029	 protéines de _lait_
13029	 arômes naturels
13029	 sel
13029	 colorants 
13029	beta carotène
13029	 extrait de paprika
13029	 antiagglomérant 
13029	lécithine de tournesol
14472	California wild rice
16063	Sea clams
16063	 sea clam juice
16063	 potatoes
16063	 wheat flour
16063	 modified corn starch
16063	 salt
16063	 soybean oil
16063	 onions
16063	 natural clam flavor
16063	 celery
16063	 xanthan gum
16063	 black pepper
18097	Salade Iceberg
18166	Farine de blé contient _Gluten_ 
18166	avec farine de _blé_
18166	 Carbonate Niacine
18166	 Thiamine
18166	 - Eau - farine de _blé_ fermenté déshydraté 
18166	contient _gluten_
18166	 - levure 
18166	levure
18166	 levure enrichie en vitamine D
18166	 Bicarbonate de soude - sucre - sel
19170	Large flat mushrooms
2042861915	Proteinmischung 
2042861915	_Sojaprotein_
2042861915	 _Weizenprotein_
2042861915	 _Molkenprotein_
2042861915	 _Wheyprotein_
2042861915	 _Milchprotein_
2042861915	 _Hühnereiweiss_
2042861915	 Kakaopulver 
2042861915	nur Sorte Schoko
2042861915	 Aroma
2042861915	 Pflanzenöl
2042861915	 Süßungsmittel Natriumsaccharin und Acesulfam-K
227	Farine de _blé_
227	 fourrage lait et caramel 17% 
227	sirop de glucose-fructose
227	 _lait_ concentré sucré 20%*
227	 sel
227	 arôme
227	 gélifiant : pectines
227	 conservateur : sorbate de potassium
227	 huile de colza
227	 _œufs_ frais
227	 sucre
227	 beurre de cacao
227	 poudre de _lait_ entier
227	 pâte de cacao
227	 émulsifiant : lécithines 
227	_soja_
227	 arôme
227	 sirop de glucose-fructose
227	 stabilisant : glycérol
227	_blé_
227	 sel
227	 émulsifiants : mono et diglycérides d’acides gras
227	 _lait_ écrémé en poudre
227	 arôme
23092	Farine de _blé_ contient Gluten 
23092	avec Farine de _blé_
23092	 calcium
23092	 Fer
23092	 Niacine
23092	 Thiamine
23092	 • Sucre • _Noix de Pécan_ 
23092	 • Beurre 
23092	_Lait_
23092	 sel
24679	eau
24679	 _orge_ malté
24679	 _blé_ torréfié
24679	 sucre Demerara
24679	 dioxyde de carbone
24679	 houblon
24679	 levure
25157	Crust: _Wheat_  Flour
25157	 Water
25157	 Olive Oil
25157	 Salt
25157	 Yeast
25157	 Malted Flour
25157	 Toppings: Tomato Sauce 
25157	Imported Italian Tomatoes
25157	 Olive Oil
25157	 Basil
25157	 Garlic
25157	 Salt
25157	 Pepper
25157	 Low Moisture Mozzarella Cheese 
25157	Pasteurized Whole _Milk_ 
25157	Cheese Cultures
25157	 Salt
25157	 Enzymes
25157	 Cooked Italian Sausage 
25157	Pork
25157	 Water
25157	 Salt
25157	 Spices
25157	 Dextrose
25157	 Flavorings
25157	 Garlic Powder
25157	 Paprika
25157	 Uncured Pepperoni with no nitrate or nitrate added 
25157	Pork
25157	 Salt
25157	 Spices
25157	 Water
25157	 Dextrose
25157	 Paprika
25157	 Natural Flavoring
25157	 Dehydrated Garlic
25157	 Oleoresin Paprika
25157	 Lactic Acid Starter Culture
25157	 Roasted Red Peppers
25157	 Roasted Yellow Peppers
25157	 Roasted Green Peppers
25157	 Roasted Onions
25157	 Romano Cheese 
25157	Pasteurized Cow's _Milk_
25157	 Salt
25157	 Enzymes
25157	 Parmesan Cheese 
25157	Pasteurized Cultured Milk
25157	 Enzymes
25157	 Salt
25157	 Parsley
25751	Porc d’origine britannique 
25751	élaboré avec 120 g de porc cru pour 100 g de jambon rôti au miel
25751	 Sucre
25751	 Miel 
25751	 Sels de salaison 
25751	Sel
25751	 Conservateur: Nitrite de sodium
25751	 Sirop de sucre caramélisé
28264	contiennent Conservateur : E220 
28264	_Sulfites_
28264	 • Dattes hachées 
28264	 • Graines de lin 
28264	 • Graines de tournesol 
28264	 • Sucre • _Noix de cajou_ 
28264	 • Poudre à lever : Bicarbonate de soude
2983542515	100% Soja-Protein-Isolat 
2983542515	_Soja_
31858	eau
31858	 légumes 38% 
31858	jus de tomates à base de concentré
31858	 carotte
31858	 pomme de terre
31858	 oignon
31858	 poireau
31858	 lait écrémé reconstitué
31858	 amidon transformé de maïs
31858	 huile de colza
31858	 sucre
31858	 beurre de cuisine
31858	 sel
31858	 arôme
31858	 vitamine A 
31858	bêta-carotène
33046	beef braising steak  
36559	COOKED ELBOW MACARONI 
36559	WATER
36559	 ENRICHED SEMOLINA 
36559	DURUM _WHEAT_
36559	 SEMOLINA
36559	 NIACIN
36559	 FERROUS SULFATE
36559	 THIAMINE MONONITRATE
36559	 RIBOFLAVIN
36559	 FOLIC ACID
36559	 _MILK_
36559	 CHEDDAR CHEESE 
36559	PASTEURIZED COW'S _MILK_
36559	 CHEESE CULTURE
36559	 SALT RENNET
36559	 CALCIUM CHLORIDE
36559	 IMPORTED GOUDA CHEESE 
36559	PASTEURIZED COW'S MILK
36559	 CHEESE CULTURES
36559	 RENNET
36559	 SALTS
36559	 CAROTENE 
36559	COLOR
36559	 IMPORTED SWISS CHEESE 
36559	PART SKIM COW'S _MILK_
36559	 CHEESE CULTURES
36559	 SALT
36559	 ENZYMES
36559	 UNBLEACHED FLOUR 
36559	UNBLEACHED _WHEAT_ FLOUR
36559	 NIACIN
36559	 REDUCED IRON
36559	 THIAMINE MONONITRATE
36559	 RIBOFLAVIN
36559	 FOLIC ACID
36559	 BUTTER 
36559	PASTEURIZED CREAM
36559	 SALT
36559	 ANNATTO 
36559	COLOR
36559	 MODIFIED RICE STARCH
36559	 SALT
36559	 SPICES
41500007007	DISTILLED WHITE VINEGAR
41500007007	 WATER
41500007007	 MUSTARD SEED
41500007007	 MUSTARD BRAN
41500007007	 SALT
41500007007	 TURMERIC
41500007007	 PAPRIKA
43366	Maïs doux 
43366	 • Poivrons rouges 
43366	 • Riz arborio cuit 
43366	Eau • Riz arborio
43366	 • Sauce au piment et au citron vert 12% • Haricots noirs 
43366	 • Riz rouge cuit 10% 
43366	Riz rouge • Eau
43366	 • Avocat 
43366	 • Quinoa cuit 
43366	Graines de quinoa • Eau
43366	 • Tomates • Coriandre
4394	papaya
53327	Fortified British Wheat Flour 
53327	_wheat_ flour
53327	 calcium carbonate
53327	 niacin
53327	 iron
53327	 thiamin
64491	Sunflower oil
65269	Babeurre 
65269	_Lait_
65269	 • Farine de _blé_ contient _Gluten_ 
65269	avec Farine de _blé_
65269	 Carbonate de calcium
65269	 Fer
65269	 Niacine
65269	 Thiamine
65269	contient _Gluten_
65269	 Bicarbonate de soude • Arôme
68789	 Marinade 
68789	 Gherkin 
68789	 Shallots 
68789	 Yellow Mustard Seeds
68789	 Dill
68789	 Onion Extract
68789	 Allspice Extract
68789	 Acetic Acid
71093	Sugar
71093	 Dried Whole _Milk_
71093	 Cocoa Butter
71093	 Cocoa Mass
71093	 Emulsifier : Soja Lecithin
71093	 Dried Skimmed _Milk_ Butter oil 
71093	_Milk_
71093	 Vanilla Flavouring
71185	_Lait_
71185	 - Colorant:  anthocyanes :
71185	issus de carottes noires
71185	 Extrait de paprika - extraits de plantes et légume 
71185	Carthame
71185	 carotte
71185	 spiruline
71185	 - Sirop de sucre inverti
73455	Pommes de terre 
73455	 Blanc de poulet cuit 
73455	 Tomates 
73455	 Eau
73455	 Crème aigre britannique 
73455	_Lait_
73455	 Oignons
73455	 Poivrons de piquillo 
73455	 Poivrons rouges
73455	 Purée d’ail
73455	 Jus de citron vert
73455	 Oignons rouges
73455	 Concentré de tomate
73455	 Huile de colza
73455	 Fécule de mais
73455	 Épices moulues 
73455	Paprika fumé
73455	 Cumin
73455	 Poivre noir
73455	 Poivre blanc
73455	 Piment de Cayenne
73455	 Paprika
73455	 Fécule de pomme de terre
73455	 Thym
73455	 Vinaigre de cidre
73455	 Sel
73455	 Coriandre
73455	 Eau fumée au bois de chêne d’Anglesey
73455	 Sel fumé
73455	 Sucre
73455	 Piments rouges
73455	 Graines de cumin
73455	 Huile de tournesol
73455	 Vinaigre de vin blanc
73455	 Piments Chipotle déshydratés
73455	 Tomates séchées
73455	 Gélifiant : Pectine
73455	 Correcteur d’acidité : Acide citrique
73455	 Romarin moulu
73455	 Arômes
73899	Fromage cheddar cornish cove 
73899	_Lait_
73899	 • Piments Diablo 
73899	 • Sucre
74742	Sugar
74742	 Raspberries
74742	 Acidity Regulators 
74742	Citric Acid
74742	 Sodium Citrate
74742	 Gelling Agent 
74742	Pectin
76630	broccoli
78115	_Fromage_ cheddar jeune 
78115	_Lait_
78115	 Oignon émincé réhydraté ‘ Cjbouje’çte Iyqphghsep
78115	 gPour les allergenes
78115	 vour‘les mgredlents mdlques en  
8274000078	sparkling filtered water 
8274000078	sweetened by a blend of cane sugar
8274000078	 pineapple juice from concentrate and honey
8274000078	 fresh ginger root
8274000078	 lemon and lime juices from concentrate and spices
8295616241	vinaigre de vin
8295616241	 moult de raisin concentré
8295616241	 colorant E150d
8295616241	 antioxygène: sulfites 
88862	Fortified British Wheat Flour 
88862	Wheat Flour
88862	 Calcium Carbonate
88862	 Niacin
88862	 Iron
88862	 Thiamin
88978	Coconut water
90100	Riz basmati cuit 
90100	Eau
90100	 Riz basmati
90100	 Bouillon de porc rôti 
90100	Eau
90100	 Os de porc
90100	 Extrait de levure
90100	 Sel
90100	 Sucre
90100	 Haricots noirs 
90100	 Viande de porc d'origine britannique cuite 
90100	  Bacon fumé 
90100	Viande de porc 
90100	 Eau
90100	 Sels de salaison 
90100	Sel
90100	 Conservateur: Nitrate de potassium
90100	 Nitrite de sodium
90100	 Oignons
90100	 Chorizo de porc 
90100	Viande de porc 
90100	 Eau
90100	 Sels de salaison 
90100	Sel
90100	 Conservateur : Nitrate de potassium
90100	 Nitrite de sodium
90100	 _Lait_ en poudre
90100	 Paprika
90100	 Dextrose
90100	 Antioxydant : E301
90100	 Noix de muscade
90100	 Origan
90100	: Beurre 
90100	_Lait_
90100	 Graisse de poulet
90100	 Fécule de mais
90100	 Coriandre
90100	 Purée d’ail
90100	 Persil
90100	 Sel
90100	 Bouillon de porc 
90100	Viande de porc
90100	 Os de porc
90100	 Eau
90100	 Sel
90100	 Sucre roux
90100	 Fécule de mais
90100	 Extrait d'oignon
90100	 Extrait d’ail
90100	 Purée de tomate
90100	  Gélatine de porc
90100	 Épices moulues 
90100	Cumin
90100	 Poivre noir
90100	 Ail fumé déshydraté
90100	 Origan
9073102963	Mango puree
9073102963	 water
9073102963	 cane sugar
9073102963	 lemon juice
9073102963	 pectin
9073102963	 guar
9138378043	Sugar
9138378043	 glucose syrup
9138378043	 citric acid
9138378043	 artificial flavors
9138378043	 red 40
9138378043	 red 3
9138378043	 yellow 5
9138378043	 yellow 6
9138378043	 blue 1
9300003346	CUCUMBERS
9300003346	 WATER
9300003346	 VINEGAR
9300003346	 SALT
9300003346	 CALCIUM CHLORIDE
9300003346	PRESERVATIVE
9300003346	 NATURAL FLAVORS
9300003346	 POLYSORBATE 80
9300003346	 POTASSIUM METABISULFITE 
9300003346	PRESERVATIVE
9300003346	 YELLOW 5
9300128896	CUCUMBERS
9300128896	 WATER
9300128896	 VINEGAR
9300128896	 SALT
9300128896	 CALCIUM CHLORIDE
9300128896	PRESERVATIVE
9300128896	 NATURAL FLAVORS
9300128896	 POLYSORBATE 80
9300128896	 YELLOW 5
9542018054	Sugar
9542018054	 cocoa butter
9542018054	 _milk_
9542018054	 milkfat
9542018054	 chocolate
9542018054	 _lactose
9542018054	 caramelized sugar
9542018054	 skim _milk_
9542018054	 crumbled wafer 
9542018054	_wheat_ flour
9542018054	 rice flour
9542018054	 sugar
9542018054	 leavening 
9542018054	sodium bicarbonate
9542018054	 palm oil
9542018054	 _soya_ lecithin 
9542018054	emulsifier
9542018054	 barley malt powder
9542018054	 artificial flavors
9542018054	 Milk chocolate contains: Cocoa solids 30% min
9542018061	Sugar
9542018061	 almond and hazelnut praline 
9542018061	_almonds_
9542018061	 sugar
9542018061	 _hazelnuts_
9542018061	 cocoa butter
9542018061	 _lactose_
9542018061	 palm oil
9542018061	 skim _milk_
9542018061	 _soya_ lecithin 
9542018061	emulsifier
9542018061	 milkfat
9542018061	 _barley_ malt powder
9542018061	 coffee
9542018061	 artificial flavor
9542018085	Sugar
9542018085	 cocoa butter
9542018085	 milk
9542018085	 chocolate
9542018085	 milkfat
9542018085	 lactose
9542018085	 invert sugar
9542018085	 fat reduced cocoa
9542018085	 glucose syrup 
9542018085	from wheat
9542018085	 almonds
9542018085	 sorbitol 
9542018085	skim milk
9542018085	 soya lecithin 
9542018085	emulsifier
9542018085	 hazelnuts
9542018085	 barley malt powder
9542018085	 artificial flavor
9542018085	 bourbon vanilla beans
9800801107	SUGAR
9800801107	 PALM OIL
9800801107	 _HAZELNUTS_
9800801107	 COCOA
9800801107	 SKIM _MILK_
9800801107	 REDUCED MINERALS WHEY 
9800801107	_MILK_
9800801107	 LECITHIN AS EMULSIFIER 
9800801107	_SOY_
9800801107	 VANILLIN: AN ARTIFICIAL FLAVOR
9800892204	Sugar
9800892204	 palm oil
9800892204	 _hazelnuts_
9800892204	 cocoa
9800892204	 skim _milk_
9800892204	 reduced minerals whey 
9800892204	_milk_
9800892204	 lecithin as emulsifier 
9800892204	_soja_
9800892204	 vanillin : an artificial flavor
9800895007	Sugar
9800895007	 Palm Oil
9800895007	 _Hazelnuts_
9800895007	 Cocoa
9800895007	 Skim _Milk_
9800895007	 Reduced Minerals Whey 
9800895007	_Milk_
9800895007	 Lecithin as emulsifier 
9800895007	_Soy_
9800895007	 Vanillin
9800895250	SUGAR
9800895250	 PALM OIL
9800895250	 _HAZELNUTS_
9800895250	 COCOA
9800895250	 SKIM MILK
9800895250	 REDUCED MINERALS WHEY 
9800895250	MILK
9800895250	 LECITHIN AS EMULSIFIER 
9800895250	SOY
9800895250	 VANILLIN: AN ARTIFICIAL FLAVOR
99233	Farine de _blé_
99233	 _beurre_ non salé 
99233	 _gruyère° 
99233	 _lait_ écrémé
99233	 sel
99233	 levure
99233	 farine d'_orge_ maltée
99233	 sucre
99332	Farine de _blé_ contient _Gluten_ 
99332	avec Farine de _blé_
99332	 Carbonate de calcium
99332	 Fer Niacine
99332	 Thiamine
99332	 - Blanc de poulet d’origine britannique 
99332	 - Eau - Yaourt à la grecque 
99332	_Lait_
104456	Pork Lung 32%
104456	 Beef Fat 25%
104456	 Oatmeal 19%
104456	 Pork Stock 
104456	Water
104456	 Pork Lung
104456	 Pork Heart
104456	 Pork Heart 1
104456	 Salt
104456	 Dried Onions
104456	 Ground Spices 
104456	White Pepper
104456	 Pimentoes
104456	 Mace
104456	 Nutmeg
104456	 Coriander
104456	 Black Pepper
104456	 Rapeseed Oil 
10700021526	Corn syrup
10700021526	 sugar
10700021526	 vegetable oil 
10700021526	cocoa butter
10700021526	 palm
10700021526	 shea
10700021526	 sunflower and/or safflower oil
10700021526	 dextrose
10700021526	 nonfat milk
10700021526	 reduced protein whey 
10700021526	milk
10700021526	 chocolate
10700021526	 whey 
10700021526	milk
10700021526	 mono and diglycerides
10700021526	 sodium bicarbonate
10700021526	 milk f
10700024404	SUGAR
10700024404	 CORN SYRUP
10700024404	 PARTIALLY HYDROGENATED PALM KERNEL OIL
10700024404	 WHEY 
10700024404	_MILK_
10700024404	 COCOA
10700024404	 CONTAINS 2% OR LESS OF: MALTED _MILK_ 
10700024404	BARLEY MALT
10700024404	 _WHEAT_ FLOUR
10700024404	 _MILK_
10700024404	 SALT
10700024404	 SODIUM BICARBONATE
10700024404	 RESINOUS GLAZE
10700024404	 sorbitan tristearate
10700024404	 _SOY_ LECITHIN
10700024404	 SALT
10700024404	 NATURAL AND ARTIFICIAL FLAVORS
10700024404	 CALCIUM CARBONATE
10700024404	 TAPIOCA DEXTRIN
10700088130	Sugar
10700088130	 corn syrup
10700088130	 enriched wheat flour 
10700088130	flour
10700088130	 niacin
10700088130	 ferrous sulfate
10700088130	 thiamin mononitrate
10700088130	 riboflavin
10700088130	 folic acid
10700088130	 gum acacia
10700088130	 cornstarch
10700088130	 salt
10700088130	 natural and artificial flavors
10700088130	 rice starch
10700088130	 artificial color 
10852997489	Organic Grade A Pasteurized _Milk_
10852997489	 Organic Pasteurized _Cream_
10852997489	 Organic Nonfat Pasteurized _Milk_
10852997489	 Organic Strawberries 
10852997489	Organic Cane Sugar
10852997489	 Organic Strawberries
10852997489	 Pectin
10852997489	 Organic Locust Bean Gum
10852997489	 Natural Flavor
10852997489	 Organic Fruit & Vegetable Juice 
10852997489	color
10852997489	 Citric Acid
10852997489	 Organic Cane Sugar
10852997489	 Pectin
10852997489	 Organic Corn Starch
10852997489	 Live Active Cultures
11110001207	ENRICHED _WHEAT_ FLOUR 
11110001207	FLOUR
11110001207	 MALTED BARLEY FLOUR
11110001207	 REDUCED IRON
11110001207	 NIACIN
11110001207	 THIAMINE MONONITRATE
11110001207	 RIBOFLAVIN
11110001207	 FOLIC ACID
11110001207	 WATER
11110001207	 HIGH FRUCTOSE CORN SYRUP
11110001207	 YEAST
11110001207	 _SOYBEAN_ OIL
11110001207	 SALT
11110001207	 CALCIUM PROPIONATE
11110001207	 MONOGLYCERIDES
11110001207	 DIGLYCERIDES
11110001207	 CALCIUM SULFATE
11110001207	 _WHEAT_ _GLUTEN_
11110001207	 DATEM
11110001207	 GRAIN VINEGAR
11110001207	 MONOCALCIUM PHOSPHATE
11110001207	 SOY LECITHIN
11110001207	 CITRIC ACID
11110001207	 CORNSTARCH
11110001207	 CALCIUM IODATE
11110001207	 POTASSIUM IODATE
11110001207	 CALCIUM PHOSPHATE
11110001207	 CONTAINS: SOY
11110001207	 WHEAT
11110001986	ENRICHED FLOUR 
11110001986	_WHEAT_ FLOUR
11110001986	 MALTED BARLEY FLOUR
11110001986	 NIACIN
11110001986	 REDUCED IRON
11110001986	 THIAMINE MONONITRATE
11110001986	 RIBOFLAVIN
11110001986	 FOLIC ACID
11110001986	 WATER
11110001986	 RYE FLOUR
11110001986	 YEAST
11110001986	 VITAL WHEAT GLUTEN
11110001986	 CARAWAY SEEDS
11110001986	 CONTAINS 2% OR LESS OF: SALT
11110001986	 MOLASSES
11110001986	 _SOYBEAN_ OIL
11110001986	 MALTED BARLEY FLOUR
11110001986	 DEXTROSE
11110001986	 CORNMEAL
11110001986	 _SOY_ FLOUR
11110001986	 SODIUM STEAROYL LACTYLATE
11110001986	 CALCIUM PROPIONATE
11110001986	 FUMARIC ACID
11110001986	 LACTIC ACID
11110001986	 ACETIC ACID
11110001986	 CALCIUM SULFATE
11110001986	 AMMONIUM SULFATE
11110001986	 ASCORBIC ACID
11110001986	 ENZYMES
11110019516	nuts
11110020109	ENRICHED _WHEAT_ FLOUR 
11110020109	FLOUR
11110020109	 MALTED BARLEY FLOUR
11110020109	 REDUCED IRON
11110020109	 Niacin
11110020109	 THIAMINE MONONIRATE
11110020109	 RIBOFLAVIN
11110020109	 FOLIC ACID
11110020109	 WATER
11110020109	 HIGH FRUCTOSE CORN SYRUP
11110020109	 YEAST
11110020109	 _SOYBEAN_ OIL
11110020109	 _WHEAT_ _GLUTEN_
11110020109	 SALT
11110020109	 Monoglycerides
11110020109	 Diglycerides
11110020109	 CALCIUM PROPIONATE
11110020109	 DATEM
11110020109	 CALCIUM SULFATE
11110020109	 GRAIN VINEGAR
11110020109	 CITRIC ACID
11110020109	 _SOY_ LECITHIN
11110020109	 POTASSIUM IODATE
11110020109	 MONOCALCIUM PHOSPHATE
